{"pos":[-133.036819,750.070984,67.4754944],"rotationMatrix":[-0.812795997,-0.582548499,0,0.582548499,-0.812795997,0,0,0,1],"scale":1,"type":"italy_rockface_boulder_3"}
{"pos":[-128.079163,700.32605,84],"rotationMatrix":[-0.5710392,-0.820922732,0,0.820922732,-0.5710392,0,0,0,1],"scale":1,"type":"italy_rockface_boulder_3"}
{"pos":[-134.606125,693.715576,82.886795],"rotationMatrix":[-0.131652251,0.991295934,0,-0.991295934,-0.131652251,0,0,0,1],"scale":1,"type":"italy_rockface_boulder_3"}
{"pos":[-134.148895,689.408813,86.8330231],"rotationMatrix":[0.299524426,0.954088688,0,-0.954088688,0.299524426,0,0,0,1],"scale":1,"type":"italy_rockface_boulder_3"}
{"pos":[-123.058655,699.035095,89.2392044],"rotationMatrix":[0.997852325,0.0655032247,0,-0.0655032247,0.997852325,0,0,0,1],"scale":1,"type":"italy_rockface_boulder_3"}
{"pos":[-139,672,89.2392044],"rotationMatrix":[0.997852325,0.0655032247,0,-0.0655032247,0.997852325,0,0,0,1],"scale":1.77631235,"type":"italy_rockface_boulder_3"}
{"pos":[-135.300858,768.741394,59.6911087],"rotationMatrix":[-0.988415837,-0.151769668,0,0.151769668,-0.988415837,0,0,0,1],"scale":1,"type":"italy_rockface_boulder_3"}
{"pos":[-130.876572,811.328308,46.5558357],"rotationMatrix":[-0.733980715,-0.679170251,0,0.679170251,-0.733980715,0,0,0,1],"scale":1,"type":"italy_rockface_boulder_3"}
{"pos":[-136,807,46],"rotationMatrix":[-0.733980715,-0.679170251,0,0.679170251,-0.733980715,0,0,0,1],"scale":1.52827668,"type":"italy_rockface_boulder_3"}
{"pos":[-127.331741,786.920288,56.0977249],"rotationMatrix":[-0.656218469,-0.754570901,0,0.754570901,-0.656218469,0,0,0,1],"scale":1,"type":"italy_rockface_boulder_3"}
{"pos":[-137.848541,779.109924,56.2061996],"rotationMatrix":[-0.998809338,0.0487838052,0,-0.0487838052,-0.998809338,0,0,0,1],"scale":1,"type":"italy_rockface_boulder_3"}
{"pos":[-145.123978,778.832275,56.9932976],"rotationMatrix":[-0.946740568,-0.321997255,0,0.321997255,-0.946740568,0,0,0,1],"scale":1,"type":"italy_rockface_boulder_3"}
{"pos":[-137.195099,789.421692,51],"rotationMatrix":[-0.599267721,0.800548553,0,-0.800548553,-0.599267721,0,0,0,1],"scale":1.38700259,"type":"italy_rockface_boulder_3"}
{"pos":[-137.216232,798.176758,48.0677185],"rotationMatrix":[0.923064828,-0.384644389,0,0.384644389,0.923064828,0,0,0,1],"scale":1,"type":"italy_rockface_boulder_3"}
{"pos":[-135.215286,784.048889,54.979538],"rotationMatrix":[-0.126812786,-0.99192667,0,0.99192667,-0.126812786,0,0,0,1],"scale":1,"type":"italy_rockface_boulder_3"}
{"pos":[-135.243332,780.739624,55.8248329],"rotationMatrix":[-0.313039422,0.949740052,0,-0.949740052,-0.313039422,0,0,0,1],"scale":1,"type":"italy_rockface_boulder_3"}
{"pos":[-142.282898,792.708008,50.1064262],"rotationMatrix":[-0.818255663,-0.574854612,0,0.574854612,-0.818255663,0,0,0,1],"scale":1,"type":"italy_rockface_boulder_3"}
{"pos":[-140.591293,779.690308,56],"rotationMatrix":[0.0611959137,0.998125792,0,-0.998125792,0.0611959137,0,0,0,1],"scale":1,"type":"italy_rockface_boulder_3"}
{"pos":[-143.029144,782.65387,55.498558],"rotationMatrix":[0.127660632,-0.991817951,0,0.991817951,0.127660632,0,0,0,1],"scale":1,"type":"italy_rockface_boulder_3"}
{"pos":[-145.271561,794.373718,50.2002716],"rotationMatrix":[-0.529458165,0.848335981,0,-0.848335981,-0.529458165,0,0,0,1],"scale":1,"type":"italy_rockface_boulder_3"}
{"pos":[-140,789,52],"rotationMatrix":[-0.262364775,0.590761662,-0.762997389,-0.350487292,-0.795037031,-0.495049804,-0.899067879,0.137537315,0.415644228],"scale":1.38700259,"type":"italy_rockface_boulder_3"}
{"pos":[-139,798.176758,48],"rotationMatrix":[-0.997289777,-0.0735675693,0,0.0735675693,-0.997289777,0,0,0,1],"scale":1,"type":"italy_rockface_boulder_3"}
{"pos":[-139,799,47],"rotationMatrix":[-0.997289777,-0.0735675693,0,0.0735675693,-0.997289777,0,0,0,1],"scale":1,"type":"italy_rockface_boulder_3"}
{"pos":[-141,797,49],"rotationMatrix":[-0.997289777,-0.0735675693,0,0.0735675693,-0.997289777,0,0,0,1],"scale":1,"type":"italy_rockface_boulder_3"}
{"pos":[-126.897377,729.82959,78.2798233],"rotationMatrix":[-0.933765411,0.35788548,0,-0.35788548,-0.933765411,0,0,0,1],"scale":1,"type":"italy_rockface_boulder_3"}
{"pos":[-130.272476,731.644165,74.8895111],"rotationMatrix":[0.281641096,-0.959519804,0,0.959519804,0.281641096,0,0,0,1],"scale":1,"type":"italy_rockface_boulder_3"}
{"pos":[-142.210388,731.142883,73.5641327],"rotationMatrix":[-0.944896817,-0.327368468,0,0.327368468,-0.944896817,0,0,0,1],"scale":1,"type":"italy_rockface_boulder_3"}
{"pos":[-137.897339,719.655884,74.1753769],"rotationMatrix":[0.993680716,-0.112243168,0,0.112243168,0.993680716,0,0,0,1],"scale":1,"type":"italy_rockface_boulder_3"}
{"pos":[-140.203812,729.525208,73],"rotationMatrix":[0.641786575,-0.735729635,0.216360539,0.766883314,0.615714788,-0.181067035,0,0.282129675,0.959376276],"scale":1.27861202,"type":"italy_rockface_boulder_3"}
{"pos":[-139.857605,740.336487,70.3329468],"rotationMatrix":[-0.329395384,0.944192052,0,-0.944192052,-0.329395384,0,0,0,1],"scale":1,"type":"italy_rockface_boulder_3"}
{"pos":[-135.020462,726.244263,74.3578186],"rotationMatrix":[0.701710343,-0.712462366,0,0.712462366,0.701710343,0,0,0,1],"scale":1,"type":"italy_rockface_boulder_3"}
{"pos":[-137,730,73.7086639],"rotationMatrix":[0.999945521,0.0104380772,0,-0.0104380772,0.999945521,0,0,0,1],"scale":1,"type":"italy_rockface_boulder_3"}
{"pos":[-147,747.222778,68.6462555],"rotationMatrix":[-0.013757892,0.00649763923,-0.999884069,8.9395704e-05,0.9999789,0.00649702316,0.999905169,0,-0.0137581825],"scale":1,"type":"italy_rockface_boulder_3"}
{"pos":[-144.966293,744.474487,69.5048141],"rotationMatrix":[-0.794180691,0.607681513,0,-0.607681513,-0.794180691,0,0,0,1],"scale":1,"type":"italy_rockface_boulder_3"}
{"pos":[-154.019028,725.226135,78.2808075],"rotationMatrix":[0.450662255,0.892694592,0,-0.892694592,0.450662255,0,0,0,1],"scale":1,"type":"italy_rockface_boulder_3"}
{"pos":[-134.516022,723.333984,74.8709412],"rotationMatrix":[0.885444224,-0.4647457,0,0.4647457,0.885444224,0,0,0,1],"scale":1,"type":"italy_rockface_boulder_3"}
{"pos":[-149.839645,744.224426,71],"rotationMatrix":[0.796195626,0.605039418,0,-0.605039418,0.796195626,0,0,0,1],"scale":1,"type":"italy_rockface_boulder_3"}
{"pos":[-133.066711,727.831909,74.5260773],"rotationMatrix":[-0.771055579,-0.636767745,0,0.636767745,-0.771055579,0,0,0,1],"scale":1,"type":"italy_rockface_boulder_3"}
{"pos":[-129.473877,722.742737,78.1869888],"rotationMatrix":[0.875922799,0.482451379,0,-0.482451379,0.875922799,0,0,0,1],"scale":1,"type":"italy_rockface_boulder_3"}
{"pos":[-145.143616,734.266174,72.8785934],"rotationMatrix":[0.888209939,-0.459437698,0,0.459437698,0.888209939,0,0,0,1],"scale":1,"type":"italy_rockface_boulder_3"}
{"pos":[-153.775314,729.444702,77.6424408],"rotationMatrix":[0.546386242,-0.837533295,0,0.837533295,0.546386242,0,0,0,1],"scale":1,"type":"italy_rockface_boulder_3"}
{"pos":[-151.480103,718.776672,76.5833893],"rotationMatrix":[0.359930426,0.932979226,0,-0.932979226,0.359930426,0,0,0,1],"scale":1,"type":"italy_rockface_boulder_3"}
{"pos":[-141.057785,722.654419,73.9255524],"rotationMatrix":[0.787161767,-0.616746604,0,0.616746604,0.787161767,0,0,0,1],"scale":1,"type":"italy_rockface_boulder_3"}
{"pos":[-152.81517,720.43811,77.5825653],"rotationMatrix":[0.170218781,0.98540628,0,-0.98540628,0.170218781,0,0,0,1],"scale":1,"type":"italy_rockface_boulder_3"}
{"pos":[-133.381409,709.678772,78.2348633],"rotationMatrix":[0.999283731,-0.0378419831,0,0.0378419831,0.999283731,0,0,0,1],"scale":1,"type":"italy_rockface_boulder_3"}
{"pos":[-146.053619,709.851318,77.3509445],"rotationMatrix":[0.940577686,-0.33957845,0,0.33957845,0.940577686,0,0,0,1],"scale":1,"type":"italy_rockface_boulder_3"}
{"pos":[-137,716,75.1791077],"rotationMatrix":[0.804249167,-0.594292223,0,0.594292223,0.804249167,0,0,0,1],"scale":1,"type":"italy_rockface_boulder_3"}
{"pos":[-128.690948,705.213989,81.4690399],"rotationMatrix":[-0.423053145,0.906104803,0,-0.906104803,-0.423053145,0,0,0,1],"scale":1,