{"pos":[-143.735718,693,80],"rotationMatrix":[-0.0793645531,-0.976639569,0.199685514,0.200656086,-0.211868614,-0.956476808,0.976440847,-0.0358422399,0.212783992],"scale":1,"type":"italy_rockface_tall_narrow"}
{"pos":[-142,692,82],"rotationMatrix":[-0.0743895173,-0.976639569,0.201591745,0.176881254,-0.211868614,-0.961157501,0.981416106,-0.0358422399,0.188510463],"scale":0.838242352,"type":"italy_rockface_tall_narrow"}
{"pos":[-154,690,85],"rotationMatrix":[-0.01145982,-0.976639569,0.214573309,-0.115208521,-0.211868614,-0.970483184,0.99327445,-0.0358422399,-0.110088974],"scale":0.838242352,"type":"italy_rockface_tall_narrow"}
{"pos":[-136,683,87],"rotationMatrix":[-0.120675355,0.979854941,0.159118146,0.392810643,0.194340378,-0.898849487,-0.911666155,-0.0459657386,-0.408349395],"scale":1,"type":"italy_rockface_tall_narrow"}
{"pos":[-145,756,66],"rotationMatrix":[-0.304962039,0.88786304,-0.344524086,-0.0655224323,-0.380459636,-0.922473073,-0.950107634,-0.258745313,0.174200773],"scale":0.461902797,"type":"italy_rockface_tall_narrow"}
{"pos":[-133.323242,770.525513,59.059494],"rotationMatrix":[-0.0675317198,0.91985029,0.386412919,0.158358052,0.392269731,-0.906116426,-0.985069454,0,-0.172156334],"scale":1,"type":"italy_rockface_tall_narrow"}
{"pos":[-126,769.847656,61],"rotationMatrix":[0.293058902,-0.946367145,-0.136035442,0.858394384,0.323093116,-0.398459345,0.421040982,0,0.907041609],"scale":1,"type":"italy_rockface_tall_narrow"}
{"pos":[-141,755.189636,66],"rotationMatrix":[0.06286183,0.0941707641,-0.993569255,0.967130482,-0.251522481,0.0373497903,-0.24638775,-0.963259041,-0.106886573],"scale":1,"type":"italy_rockface_tall_narrow"}
{"pos":[-138.878418,810,45],"rotationMatrix":[-0.988580048,-0.0274826232,-0.148166224,0.150693506,-0.180291593,-0.972000599,0,-0.983229041,0.182374299],"scale":1,"type":"italy_rockface_tall_narrow"}
{"pos":[-137,754,66],"rotationMatrix":[-0.246771991,-0.00797852874,0.969040513,-0.953053415,0.183069602,-0.241193622,-0.175477535,-0.983067334,-0.0527804345],"scale":1.23797631,"type":"italy_rockface_tall_narrow"}
{"pos":[-127,754,69],"rotationMatrix":[-0.626006663,-0.344470322,-0.699610591,0.765707314,-0.101632416,-0.635108113,0.147672832,-0.933279395,0.32738626],"scale":1.23797631,"type":"italy_rockface_tall_narrow"}
{"pos":[-127,753,67],"rotationMatrix":[-0.679203272,0.221871585,-0.699610591,0.448838174,-0.628634214,-0.635108113,-0.580711961,-0.745379865,0.32738626],"scale":0.771124303,"type":"italy_rockface_tall_narrow"}
{"pos":[-139,728,73],"rotationMatrix":[-0.909738004,0.0215478688,0.41462183,-0.408572346,-0.22394076,-0.884826541,0.0737847239,-0.974364102,0.212531328],"scale":1.07796228,"type":"italy_rockface_tall_narrow"}
{"pos":[-143,728,74],"rotationMatrix":[-0.76611048,-0.178468645,-0.617431939,0.635317981,-0.0650285929,-0.769506931,0.0971823782,-0.98179394,0.163203567],"scale":1.07796228,"type":"italy_rockface_tall_narrow"}
{"pos":[-142,724,76],"rotationMatrix":[-0.76611048,-0.178468645,-0.617431939,0.635317981,-0.0650285929,-0.769506931,0.0971823782,-0.98179394,0.163203567],"scale":0.918579817,"type":"italy_rockface_tall_narrow"}
{"pos":[-149.949799,573.034485,136],"rotationMatrix":[0.964661419,0.213497818,0.154422402,0.218426749,-0.320172548,-0.921834648,-0.147367835,0.922988355,-0.355491668],"scale":1,"type":"italy_rockface_tall_narrow"}
{"pos":[-143,555,142],"rotationMatrix":[0.964661419,0.213497818,0.154422402,0.218426749,-0.320172548,-0.921834648,-0.147367835,0.922988355,-0.355491668],"scale":1.98062015,"type":"italy_rockface_tall_narrow"}
{"pos":[-143,532,148],"rotationMatrix":[0.964661419,0.213497818,0.154422402,0.218426749,-0.320172548,-0.921834648,-0.147367835,0.922988355,-0.355491668],"scale":1.98062015,"type":"italy_rockface_tall_narrow"}
{"pos":[-137,532,148],"rotationMatrix":[0.809934855,-0.118256524,-0.574473739,-0.574775577,-0.355054945,-0.73727119,-0.116782539,0.927335203,-0.355542332],"scale":1.98062015,"type":"italy_rockface_tall_narrow"}
{"pos":[-134,502,157],"rotationMatrix":[0.809934855,-0.118256524,-0.574473739,-0.574775577,-0.355054945,-0.73727119,-0.116782539,0.927335203,-0.355542332],"scale":2.97937632,"type":"italy_rockface_tall_narrow"}
{"pos":[-144,502,157],"rotationMatrix":[0.673062086,0.384030819,0.632065296,0.726685405,-0.184470981,-0.661738753,-0.137530565,0.904704332,-0.403230071],"scale":2.97937632,"type":"italy_rockface_tall_narrow"}
{"pos":[-160,579,131],"rotationMatrix":[0.805578589,0.417475879,0.420423925,0.532498419,-0.19902131,-0.822700322,-0.259784251,0.886624813,-0.382632494],"scale":1,"type":"italy_rockface_tall_narrow"}
{"pos":[-157,579,131],"rotationMatrix":[0.805578589,0.417475879,0.420423925,0.532498419,-0.19902131,-0.822700322,-0.259784251,0.886624813,-0.382632494],"scale":1,"type":"italy_rockface_tall_narrow"}
{"pos":[-150,558,134],"rotationMatrix":[0.805578589,0.417475879,0.420423925,0.532498419,-0.19902131,-0.822700322,-0.259784251,0.886624813,-0.382632494],"scale":2.47996211,"type":"italy_rockface_tall_narrow"}
{"pos":[-160,605,121],"rotationMatrix":[0.904574156,0.417475879,-0.0863636136,-0.00171279907,-0.19902131,-0.979993582,-0.42631188,0.886624813,-0.179314435],"scale":2.47996211,"type":"italy_rockface_tall_narrow"}
{"pos":[-167,634,106],"rotationMatrix":[0.961840808,0.1347754,-0.238111317,-0.219486654,-0.139534384,-0.965585649,-0.163361907,0.981001914,-0.104628406],"scale":2.47996211,"type":"italy_rockface_tall_narrow"}
{"pos":[-164,626,112],"rotationMatrix":[0.989608109,0.1347754,-0.050104171,-0.0311071277,-0.139534384,-0.989728451,-0.140382305,0.981001914,-0.133891836],"scale":2.1799624,"type":"italy_rockface_tall_narrow"}
{"pos":[19,450,206],"rotationMatrix":[-0.0618512332,-0.818758905,0.570795894,-0.128184572,-0.560638189,-0.818078876,0.989819586,-0.123766415,-0.0702760965],"scale":1,"type":"italy_rockface_tall_narrow"}
{"pos":[19,448,207],"rotationMatrix":[-0.0618512332,-0.818758905,0.570795894,-0.128184572,-0.560638189,-0.818078876,0.989819586,-0.123766415,-0.0702760965],"scale":1,"type":"italy_rockface_tall_narrow"}
{"pos":[19,446,210],"rotationMatrix":[-0.0618512332,-0.818758905,0.570795894,-0.128184572,-0.560638189,-0.818078876,0.989819586,-0.123766415,-0.0702760965],"scale":1,"type":"italy_rockface_tall_narrow"}
{"pos":[26,446,210],"rotationMatrix":[0.646790802,-0.505819321,0.570795894,0.395252228,-0.417758346,-0.818078876,0.652254939,0.754734516,-0.0702760965],"scale":1,"type":"italy_rockface_tall_narrow"}
{"pos":[29,446,212],"rotationMatrix":[0.646790802,-0.505819321,0.570795894,0.395252228,-0.417758346,-0.818078876,0.652254939,0.754734516,-0.0702760965],"scale":1,"type":"italy_rockface_tall_narrow"}
{"pos":[-424,660,87],"rotationMatrix":[0.557765484,0.628369331,0.542262316,0.428953588,0.341080248,-0.836458564,-0.710559845,0.699153066,-0.0792984664],"scale":2.47996211,"type":"italy_rockface_tall_narrow"}
{"pos":[-395,656,93],"rotationMatrix":[0.206516474,0.934940457,-0.288506329,-0.0565936267,-0.282955348,-0.957461834,-0.976804137,0.214059323,-0.00552326441],"scale":3.02976513,"type":"italy_rockface_tall_narrow"}
