{"pos":[-137.671341,689.730835,84.4612808],"rotationMatrix":[-0.99820292,0.0599233396,0,-0.0599233396,-0.99820292,0,0,0,1],"scale":1,"type":"italy_rockface_small_1"}
{"pos":[-143.533615,700.415955,78.807251],"rotationMatrix":[0.984893799,-0.173159346,0,0.173159346,0.984893799,0,0,0,1],"scale":1,"type":"italy_rockface_small_1"}
{"pos":[-147.358368,701.814941,78.968399],"rotationMatrix":[-0.995507002,-0.0946881175,0,0.0946881175,-0.995507002,0,0,0,1],"scale":1,"type":"italy_rockface_small_1"}
{"pos":[-138.43605,707.265747,78.191864],"rotationMatrix":[0.336632311,0.941636205,0,-0.941636205,0.336632311,0,0,0,1],"scale":1,"type":"italy_rockface_small_1"}
