{"pos":[-135.241028,681.987671,89.1860657],"rotationMatrix":[-0.97609055,0.217364341,0,-0.217364341,-0.97609055,0,0,0,1],"scale":1,"type":"italy_rockface_boulder_1"}
{"pos":[-141,689,83],"rotationMatrix":[-0.97609055,0.217364341,0,-0.217364341,-0.97609055,0,0,0,1],"scale":1,"type":"italy_rockface_boulder_1"}
{"pos":[-137,689,86],"rotationMatrix":[-0.97609055,0.217364341,0,-0.217364341,-0.97609055,0,0,0,1],"scale":1,"type":"italy_rockface_boulder_1"}
{"pos":[-140,687,84],"rotationMatrix":[0.0881576985,0.217364341,-0.972101092,0.0196317229,-0.97609055,-0.216475934,-0.99591279,0,-0.0903171301],"scale":1.05379844,"type":"italy_rockface_boulder_1"}
{"pos":[-138,689,84],"rotationMatrix":[-0.97609055,0.217364341,0,-0.217364341,-0.97609055,0,0,0,1],"scale":0.683029354,"type":"italy_rockface_boulder_1"}
{"pos":[-140,690,83],"rotationMatrix":[-0.97609055,0.217364341,0,-0.217364341,-0.97609055,0,0,0,1],"scale":0.569058478,"type":"italy_rockface_boulder_1"}
{"pos":[-135.859695,756.405518,64.7337036],"rotationMatrix":[-0.619991183,0.784608603,0,-0.784608603,-0.619991183,0,0,0,1],"scale":1,"type":"italy_rockface_boulder_1"}
{"pos":[-126.450089,759.632996,66.4896545],"rotationMatrix":[-0.71846211,-0.695565999,0,0.695565999,-0.71846211,0,0,0,1],"scale":1,"type":"italy_rockface_boulder_1"}
{"pos":[-140.821869,769.21521,59.4203415],"rotationMatrix":[-0.435668826,-0.900107086,0,0.900107086,-0.435668826,0,0,0,1],"scale":1,"type":"italy_rockface_boulder_1"}
{"pos":[-150.776596,759.867432,66.6790161],"rotationMatrix":[0.927714705,-0.373289853,0,0.373289853,0.927714705,0,0,0,1],"scale":1,"type":"italy_rockface_boulder_1"}
{"pos":[-128,769,61],"rotationMatrix":[-0.844508648,0.535541773,0,-0.535541773,-0.844508648,0,0,0,1],"scale":1,"type":"italy_rockface_boulder_1"}
{"pos":[-126.560921,796.447876,53.6511421],"rotationMatrix":[0.975106001,-0.221738905,0,0.221738905,0.975106001,0,0,0,1],"scale":1,"type":"italy_rockface_boulder_1"}
{"pos":[-148.331894,795.731323,51.0735092],"rotationMatrix":[0.0524253584,0.998624861,0,-0.998624861,0.0524253584,0,0,0,1],"scale":1,"type":"italy_rockface_boulder_1"}
{"pos":[-140.720169,793.93396,49.5994492],"rotationMatrix":[0.855915427,0.517115831,0,-0.517115831,0.855915427,0,0,0,1],"scale":1,"type":"italy_rockface_boulder_1"}
{"pos":[-150.776596,757,68],"rotationMatrix":[0.927714705,-0.373289853,0,0.373289853,0.927714705,0,0,0,1],"scale":1.88462877,"type":"italy_rockface_boulder_1"}
{"pos":[-144,752,66],"rotationMatrix":[0.181242108,-0.373289853,-0.909838259,0.0729274228,0.927714705,-0.366096795,0.980730653,0,0.195364058],"scale":1.88462877,"type":"italy_rockface_boulder_1"}
{"pos":[-150,751,68],"rotationMatrix":[0.912748694,-0.373289853,-0.165963978,0.367267877,0.927714705,-0.0667798519,0.178895414,0,0.983867943],"scale":1.24958515,"type":"italy_rockface_boulder_1"}
{"pos":[-136.748215,786.210144,53.9893112],"rotationMatrix":[0.958511591,-0.285053432,0,0.285053432,0.958511591,0,0,0,1],"scale":1,"type":"italy_rockface_boulder_1"}
{"pos":[-136.527176,783.223145,55.1204758],"rotationMatrix":[-0.273853511,0.961771369,0,-0.961771369,-0.273853511,0,0,0,1],"scale":1,"type":"italy_rockface_boulder_1"}
{"pos":[-136.162659,799.763184,46.9749451],"rotationMatrix":[0.597512126,-0.801859975,0,0.801859975,0.597512126,0,0,0,1],"scale":1,"type":"italy_rockface_boulder_1"}
{"pos":[-134.328613,788.384644,53],"rotationMatrix":[0.411761045,-0.911291778,0,0.911291778,0.411761045,0,0,0,1],"scale":1,"type":"italy_rockface_boulder_1"}
{"pos":[-135.320923,776.637634,56],"rotationMatrix":[0.917642534,0.397406936,0,-0.397406936,0.917642534,0,0,0,1],"scale":1.13633704,"type":"italy_rockface_boulder_1"}
{"pos":[-130.951874,783.224365,56.0533905],"rotationMatrix":[-0.996708035,-0.081073761,0,0.081073761,-0.996708035,0,0,0,1],"scale":1,"type":"italy_rockface_boulder_1"}
{"pos":[-147.358932,785.794128,55.800766],"rotationMatrix":[0.0608570352,0.998146474,0,-0.998146474,0.0608570352,0,0,0,1],"scale":1,"type":"italy_rockface_boulder_1"}
{"pos":[-129.472839,785.352356,55.7843246],"rotationMatrix":[0.795123994,-0.606446922,0,0.606446922,0.795123994,0,0,0,1],"scale":1,"type":"italy_rockface_boulder_1"}
{"pos":[-127.992111,790.022034,54.933094],"rotationMatrix":[-0.999130428,0.0416928902,0,-0.0416928902,-0.999130428,0,0,0,1],"scale":1,"type":"italy_rockface_boulder_1"}
{"pos":[-149,748,68],"rotationMatrix":[0.375688434,-0.373289853,-0.848240733,0.151167899,0.927714705,-0.341311455,0.914333642,0,0.404961169],"scale":1.62100601,"type":"italy_rockface_boulder_1"}
{"pos":[-149.051544,723.736938,74.4716034],"rotationMatrix":[0.435695291,0.900094271,0,-0.900094271,0.435695291,0,0,0,1],"scale":1,"type":"italy_rockface_boulder_1"}
{"pos":[-128.138229,730.913452,76.3564606],"rotationMatrix":[-0.960031569,-0.279891938,0,0.279891938,-0.960031569,0,0,0,1],"scale":1,"type":"italy_rockface_boulder_1"}
{"pos":[-135.855667,746.885742,68.3035583],"rotationMatrix":[0.259924859,0.965628862,0,-0.965628862,0.259924859,0,0,0,1],"scale":1,"type":"italy_rockface_boulder_1"}
{"pos":[-149,742,71],"rotationMatrix":[0.649964929,-0.759964168,0,0.759964168,0.649964929,0,0,0,1],"scale":1,"type":"italy_rockface_boulder_1"}
{"pos":[-142.324554,726.242676,74.1029816],"rotationMatrix":[-0.343147278,-0.939281583,0,0.939281583,-0.343147278,0,0,0,1],"scale":1,"type":"italy_rockface_boulder_1"}
{"pos":[-143.459259,729.427795,74.1255875],"rotationMatrix":[-0.255085677,0.966918409,0,-0.966918409,-0.255085677,0,0,0,1],"scale":1,"type":"italy_rockface_boulder_1"}
{"pos":[-134.001862,718.821472,75],"rotationMatrix":[0.992971838,-0.118350931,0,0.118350931,0.992971838,0,0,0,1],"scale":1,"type":"italy_rockface_boulder_1"}
{"pos":[-135.56192,733.934448,72.8995819],"rotationMatrix":[-0.935344219,0.353738904,0,-0.353738904,-0.935344219,0,0,0,1],"scale":1,"type":"italy_rockface_boulder_1"}
{"pos":[-146.107925,730.085999,74.3186188],"rotationMatrix":[-0.145258948,-0.989393711,0,0.989393711,-0.145258948,0,0,0,1],"scale":1,"type":"italy_rockface_boulder_1"}
{"pos":[-148.843536,721.684998,74.3900375],"rotationMatrix":[0.946750879,-0.321966857,0,0.321966857,0.946750879,0,0,0,1],"scale":1,"type":"italy_rockface_boulder_1"}
{"pos":[-143.808578,732.366882,73.4096069],"rotationMatrix":[-0.974686444,-0.223576084,0,0.223576084,-0.974686444,0,0,0,1],"scale":1,"type":"italy_rockface_boulder_1"}
{"pos":[-154.437729,707.948486,79.5270767],"rotationMatrix":[0.627576113,0.778555274,0,-0.778555274,0.627576113,0,0,0,1],"scale":1,"type":"italy_rockface_boulder_1"}
{"pos":[-131.313034,723.851135,76.1685104],"rotationMatrix":[0.498930126,0.866642356,0,-0.866642356,0.498930126,0,0,0,1],"scale":1,"type":"italy_rockface_boulder_1"}
{"pos":[-123.799927,705.542969,86.5830383],"rotationMatrix":[0.707537234,0.706676185,0,-0.706676185,0.707537234,0,0,0,1],"scale":1,"type":"italy_rockface_boulder_1"}
{"pos":[-155.252411,710.583618,79.6607437],"rotationMatrix":[0.688462973,-0.725271463,0,0.725271463,0.688462973,0,0,0,1],"scale":1,"type":"italy_rockface_boulder_1"}
{"pos":[-148.722153,706.66925,78.4487762],"rotationMatrix":[0.44484064,0.895609796,0,-0.895609796,0.44484064,0,0,0,1],"scale":1,"type":"italy_rockface_boulder_1"}
{"pos":[-144.578506,719.075745,73.4516907],"rotationMatrix":[-0.365582347,-0.93077904,0,0.93077904,-0.365582347,0,0,0,1],"scale":1,"type":"italy_rockface_boulder_1"}
{"pos":[-125.4347,718.979858,83.7603455],"rotationMatrix":[0.808881342,0.587971985,0,-0.587971985,0.808881342,0,0,0,1],"scale":1,"type":"italy_rockface_boulder_1"}
{"pos":[-138.604996,696.775818,80.0667114],"rotationMatrix":[-0.72596395,-0.687732697,0,0.687732697,-0.72596395,0,0,0,1],"scale":1,"type":"italy_rockface_boulder_1"}
{"pos":[-127.537605,718.37854,81.4539948],"rotationMatrix":[-0.596669197,0.802487195,0,-0.802487195,-0.596669197,0,0,0,1],"scale":1,"type":"italy_rockface_boulder_1"}
{"pos":[-136.954773,712.203125,76.3945007],"rotationMatrix":[-0.438808352,0.898580611,0,-0.898580611,-0.438808352,0,0,0,1],"scale":1,