{"pos":[-121.937935,691.979309,93.4405441],"rotationMatrix":[-0.384769291,-0.923012733,0,0.923012733,-0.384769291,0,0,0,1],"scale":1,"type":"italy_rockface_short_wide"}
{"pos":[-149,670,88],"rotationMatrix":[0.997489095,0.070811078,0,-0.070811078,0.997489095,0,0,0,1],"scale":0.993979752,"type":"italy_rockface_short_wide"}
{"pos":[-155,668,90],"rotationMatrix":[0.969417036,0.245416552,0,-0.245416552,0.969417036,0,0,0,1],"scale":1,"type":"italy_rockface_short_wide"}
{"pos":[-144,673,87],"rotationMatrix":[0.999988794,-0.00460328162,0,0.00460328162,0.999988794,0,0,0,1],"scale":0.844780445,"type":"italy_rockface_short_wide"}
{"pos":[-152,672,87],"rotationMatrix":[0.969417036,0.245416552,0,-0.245416552,0.969417036,0,0,0,1],"scale":0.853080988,"type":"italy_rockface_short_wide"}
{"pos":[-141,671,88],"rotationMatrix":[0.969417036,0.245416552,0,-0.245416552,0.969417036,0,0,0,1],"scale":0.849743664,"type":"italy_rockface_short_wide"}
{"pos":[-138.128174,765.951355,60.6083832],"rotationMatrix":[0.490937591,0.871194839,0,-0.871194839,0.490937591,0,0,0,1],"scale":1,"type":"italy_rockface_short_wide"}
{"pos":[-128.737335,761.800415,63],"rotationMatrix":[-0.969648302,-0.244502887,0,0.244502887,-0.969648302,0,0,0,1],"scale":1,"type":"italy_rockface_short_wide"}
{"pos":[-127.95414,771.606384,59],"rotationMatrix":[-0.364353985,-0.931260228,0,0.931260228,-0.364353985,0,0,0,1],"scale":1,"type":"italy_rockface_short_wide"}
{"pos":[-131.54689,756.253052,65.2496414],"rotationMatrix":[0.99299401,0.118164212,0,-0.118164212,0.99299401,0,0,0,1],"scale":1,"type":"italy_rockface_short_wide"}
{"pos":[-130.812881,772.72937,58.7236633],"rotationMatrix":[0.959112287,0.28302592,0,-0.28302592,0.959112287,0,0,0,1],"scale":1,"type":"italy_rockface_short_wide"}
{"pos":[-136.102737,766.219116,60.6164627],"rotationMatrix":[-0.576759577,-0.816914082,0,0.816914082,-0.576759577,0,0,0,1],"scale":1,"type":"italy_rockface_short_wide"}
{"pos":[-134,799,47],"rotationMatrix":[0.696277261,-0.717772901,0,0.717772901,0.696277261,0,0,0,1],"scale":1,"type":"italy_rockface_short_wide"}
{"pos":[-131.518478,802.733032,46],"rotationMatrix":[0.9959566,-0.0898355916,0,0.0898355916,0.9959566,0,0,0,1],"scale":1,"type":"italy_rockface_short_wide"}
{"pos":[-137.65863,812,44],"rotationMatrix":[0.99875772,0.0498251915,0,-0.0498251915,0.99875772,0,0,0,1],"scale":1.18385005,"type":"italy_rockface_short_wide"}
{"pos":[-132.239655,797.490417,49.199852],"rotationMatrix":[0.98472929,0.17409265,0,-0.17409265,0.98472929,0,0,0,1],"scale":1,"type":"italy_rockface_short_wide"}
{"pos":[-130.455063,787.21344,54],"rotationMatrix":[0.926351905,0.376659334,0,-0.376659334,0.926351905,0,0,0,1],"scale":1,"type":"italy_rockface_short_wide"}
{"pos":[-139.4133,792.004333,50.3361359],"rotationMatrix":[0.594205797,0.804313123,0,-0.804313123,0.594205797,0,0,0,1],"scale":1,"type":"italy_rockface_short_wide"}
{"pos":[-147,786,52.2239571],"rotationMatrix":[0.33751896,0.94131875,0,-0.94131875,0.33751896,0,0,0,1],"scale":1,"type":"italy_rockface_short_wide"}
{"pos":[-131.150894,792.268433,51],"rotationMatrix":[-0.830555677,-0.556935489,0,0.556935489,-0.830555677,0,0,0,1],"scale":1,"type":"italy_rockface_short_wide"}
{"pos":[-139.812714,787.268127,53.1841965],"rotationMatrix":[-0.972501159,-0.232897744,0,0.232897744,-0.972501159,0,0,0,1],"scale":1,"type":"italy_rockface_short_wide"}
{"pos":[-143.33609,797.702759,47],"rotationMatrix":[0.322933614,-0.946421623,0,0.946421623,0.322933614,0,0,0,1],"scale":1,"type":"italy_rockface_short_wide"}
{"pos":[-126.473404,782.906433,58.2518311],"rotationMatrix":[-0.981210709,0.192939192,0,-0.192939192,-0.981210709,0,0,0,1],"scale":1,"type":"italy_rockface_short_wide"}
{"pos":[-143.393082,776.018921,57.4518318],"rotationMatrix":[0.974339247,0.225084364,0,-0.225084364,0.974339247,0,0,0,1],"scale":1,"type":"italy_rockface_short_wide"}
{"pos":[-139,795,49],"rotationMatrix":[0.594205797,0.804313123,0,-0.804313123,0.594205797,0,0,0,1],"scale":0.621670723,"type":"italy_rockface_short_wide"}
{"pos":[-152,731.752747,75.2424698],"rotationMatrix":[-0.367434502,-0.904520869,0.216410577,0.916921079,-0.391263008,-0.0785411447,0.15571557,0.169572696,0.973138034],"scale":1,"type":"italy_rockface_short_wide"}
{"pos":[-127.999992,740.212341,72.2337799],"rotationMatrix":[0.503780186,0.863831758,0,-0.863831758,0.503780186,0,0,0,1],"scale":1.32693481,"type":"italy_rockface_short_wide"}
{"pos":[-134.872314,741.083801,70],"rotationMatrix":[-0.995071888,-0.0991556868,0,0.0991556868,-0.995071888,0,0,0,1],"scale":1,"type":"italy_rockface_short_wide"}
{"pos":[-140.442154,749.720825,67.1047058],"rotationMatrix":[-0.30543533,-0.952212811,0,0.952212811,-0.30543533,0,0,0,1],"scale":1,"type":"italy_rockface_short_wide"}
{"pos":[-142.80307,736.003479,71],"rotationMatrix":[-0.825576305,-0.564290643,0,0.564290643,-0.825576305,0,0,0,1],"scale":1,"type":"italy_rockface_short_wide"}
{"pos":[-142,743.875671,68],"rotationMatrix":[-0.364597261,-0.931165278,0,0.931165278,-0.364597261,0,0,0,1],"scale":1,"type":"italy_rockface_short_wide"}
{"pos":[-135.02034,728.167114,74.368515],"rotationMatrix":[-0.844795287,-0.535089552,0,0.535089552,-0.844795287,0,0,0,1],"scale":1,"type":"italy_rockface_short_wide"}
{"pos":[-140.991699,720.724548,73.7608643],"rotationMatrix":[-0.433095276,-0.901348233,0,0.901348233,-0.433095276,0,0,0,1],"scale":1,"type":"italy_rockface_short_wide"}
{"pos":[-129.911331,729.365723,75.2362442],"rotationMatrix":[-0.924613953,0.380905598,0,-0.380905598,-0.924613953,0,0,0,1],"scale":1,"type":"italy_rockface_short_wide"}
{"pos":[-136.921036,727.154785,74.2332611],"rotationMatrix":[0.661107242,0.750291526,0,-0.750291526,0.661107242,0,0,0,1],"scale":1,"type":"italy_rockface_short_wide"}
{"pos":[-155.191071,727.828918,78.8341064],"rotationMatrix":[-0.501361072,0.86523807,0,-0.86523807,-0.501361072,0,0,0,1],"scale":1,"type":"italy_rockface_short_wide"}
{"pos":[-128.450272,733.370605,75.576889],"rotationMatrix":[-0.435822785,-0.900032282,0,0.900032282,-0.435822785,0,0,0,1],"scale":1,"type":"italy_rockface_short_wide"}
{"pos":[-143.34639,703.220276,78.8125],"rotationMatrix":[-0.997261286,-0.0739589036,0,0.0739589036,-0.997261286,0,0,0,1],"scale":1,"type":"italy_rockface_short_wide"}
{"pos":[-151.221603,707.380981,78.3520432],"rotationMatrix":[0.690805852,0.723040402,0,-0.723040402,0.690805852,0,0,0,1],"scale":1,"type":"italy_rockface_short_wide"}
{"pos":[-143.617126,706.883423,78.2718658],"rotationMatrix":[0.84323442,-0.537545979,0,0.537545979,0.84323442,0,0,0,1],"scale":1,"type":"italy_rockface_short_wide"}
{"pos":[-148.097931,703.993103,78.8166275],"rotationMatrix":[0.999540508,0.030312011,0,-0.030312011,0.999540508,0,0,0,1],"scale":1,"type":"italy_rockface_short_wide"}
{"pos":[-141.184036,712.919189,75.6704559],"rotationMatrix":[0.843812943,0.536637425,0,-0.536637425,0.843812943,0,0,0,1],"scale":1,"type":"italy_rockface_short_wide"}
{"pos":[-146.483398,713.527466,75.2983856],"rotationMatrix":[0.555642724,0.831421256,0,-0.831421256,0.555642724,0,0,0,1],"scale":1,"type":"italy_rockface_short_wide"}
{"pos":[-132.121475,699.41272,81.1836395],"rotationMatrix":[0.598650157,0.801010668,0,-0.801010668,0.598650157,0,0,0,1],"scale":1,"type":"italy_rockface_short_wide"}
{"pos":[-135.37822,710.155396,77.3908844],"rotationMatrix":[-0.774395525,-0.632701933,0,0.632701933,-0.774395525,0,0,0,1],"scale":1,"type":"italy_rockface_short_wide"}
{"pos":[-125.88269,713.575195,83.4504166],"rotationMatrix":[-0.687600732,-0.726088941,0,0.726088941,-0.687600732,0,0,0,1],"scale":1,"type":"italy_rockface_short_wide"}
{"pos":[-143.995605,714.736755,74.5855408],"rotationMatrix":[-0.983125091,-0.182934374,0,0.182934374,-0.983125091,0,0,0,1],"scale":1,"type":"italy_rockface_short_wide"}
{"pos":[-143.022659,699.015198,78.8470459],"rotationMatrix":[-0.705018699,-0.709188819,0,0.709188819,-0.705018699,0,0,0,1],"scale":1,"type":"italy_rockface_short_wide"}
{"pos":[-145,707.510193,77],"rotationMatrix":[0.799579322,0.600560606,0,-0.600560606,0.799579322,0,0,0,1],"scale":1,