{"pos":[-131.807419,706.574219,79.370903],"rotationMatrix":[0.3149575,0.949105859,0,-0.949105859,0.3149575,0,0,0,1],"scale":1,"type":"italy_rockface_boulder_4"}
{"pos":[-136.589172,694.701782,80.9950027],"rotationMatrix":[0.397801876,-0.91747129,0,0.91747129,0.397801876,0,0,0,1],"scale":1,"type":"italy_rockface_boulder_4"}
{"pos":[-132.84079,696.71521,81.7961273],"rotationMatrix":[0.128676459,0.991686583,0,-0.991686583,0.128676459,0,0,0,1],"scale":1,"type":"italy_rockface_boulder_4"}
{"pos":[-141.558243,702.429749,78.8125],"rotationMatrix":[-0.999034762,0.0439248234,0,-0.0439248234,-0.999034762,0,0,0,1],"scale":1,"type":"italy_rockface_boulder_4"}
{"pos":[-125.860031,707.349792,83.9499969],"rotationMatrix":[-0.49946779,-0.866332531,0,0.866332531,-0.49946779,0,0,0,1],"scale":1,"type":"italy_rockface_boulder_4"}
{"pos":[-139.19986,758.17865,64.007309],"rotationMatrix":[-0.615388155,0.788224101,0,-0.788224101,-0.615388155,0,0,0,1],"scale":1,"type":"italy_rockface_boulder_4"}
{"pos":[-135.284058,771.06604,58.5261765],"rotationMatrix":[-0.952219963,0.305413067,0,-0.305413067,-0.952219963,0,0,0,1],"scale":1,"type":"italy_rockface_boulder_4"}
{"pos":[-130.604462,769.115723,60.3564301],"rotationMatrix":[-0.337013632,-0.94149977,0,0.94149977,-0.337013632,0,0,0,1],"scale":1,"type":"italy_rockface_boulder_4"}
{"pos":[-141.24205,762.983643,62],"rotationMatrix":[-0.632000148,-0.774968386,0,0.774968386,-0.632000148,0,0,0,1],"scale":1.44421077,"type":"italy_rockface_boulder_4"}
{"pos":[-147.709106,767.182373,62.1008301],"rotationMatrix":[-0.940217018,0.340576053,0,-0.340576053,-0.940217018,0,0,0,1],"scale":1,"type":"italy_rockface_boulder_4"}
{"pos":[-125.983429,762.815247,65.3981781],"rotationMatrix":[0.903735518,0.428091377,0,-0.428091377,0.903735518,0,0,0,1],"scale":1,"type":"italy_rockface_boulder_4"}
{"pos":[-136.552795,762.148987,62.2393646],"rotationMatrix":[-0.778127193,-0.628106833,0,0.628106833,-0.778127193,0,0,0,1],"scale":1,"type":"italy_rockface_boulder_4"}
{"pos":[-123.842651,769.340393,65.3832855],"rotationMatrix":[0.621231735,-0.783626914,0,0.783626914,0.621231735,0,0,0,1],"scale":1,"type":"italy_rockface_boulder_4"}
{"pos":[-134.010712,758.796753,63.9503746],"rotationMatrix":[0.894029379,-0.448008388,0,0.448008388,0.894029379,0,0,0,1],"scale":1,"type":"italy_rockface_boulder_4"}
{"pos":[-143.310196,758.366943,64.2023926],"rotationMatrix":[0.0683581457,-0.997660816,0,0.997660816,0.0683581457,0,0,0,1],"scale":1,"type":"italy_rockface_boulder_4"}
{"pos":[-145.299408,802.571472,47.2850838],"rotationMatrix":[-0.832223415,-0.554440498,0,0.554440498,-0.832223415,0,0,0,1],"scale":1,"type":"italy_rockface_boulder_4"}
{"pos":[-138.42897,802.036804,46.3424301],"rotationMatrix":[0.702547789,0.711636662,0,-0.711636662,0.702547789,0,0,0,1],"scale":1,"type":"italy_rockface_boulder_4"}
{"pos":[-144.355377,792.869873,50.4262924],"rotationMatrix":[0.843845487,0.536586344,0,-0.536586344,0.843845487,0,0,0,1],"scale":1,"type":"italy_rockface_boulder_4"}
{"pos":[-129.284027,809.294861,47.717804],"rotationMatrix":[-0.882789671,0.469768524,0,-0.469768524,-0.882789671,0,0,0,1],"scale":1,"type":"italy_rockface_boulder_4"}
{"pos":[-131.91217,793.956055,50.5905838],"rotationMatrix":[-0.433289945,-0.901254535,0,0.901254535,-0.433289945,0,0,0,1],"scale":1,"type":"italy_rockface_boulder_4"}
{"pos":[-125.53788,798.71344,54.4860535],"rotationMatrix":[0.463118285,-0.886296511,0,0.886296511,0.463118285,0,0,0,1],"scale":1,"type":"italy_rockface_boulder_4"}
{"pos":[-133.583191,784.889465,54.893959],"rotationMatrix":[-0.935477197,-0.353387028,0,0.353387028,-0.935477197,0,0,0,1],"scale":1,"type":"italy_rockface_boulder_4"}
{"pos":[-129.496964,796.085144,51],"rotationMatrix":[-0.140914798,0.990021706,0,-0.990021706,-0.140914798,0,0,0,1],"scale":1,"type":"italy_rockface_boulder_4"}
{"pos":[-146.478897,782.586975,56.4873734],"rotationMatrix":[-0.0465432927,0.998916268,0,-0.998916268,-0.0465432927,0,0,0,1],"scale":1,"type":"italy_rockface_boulder_4"}
{"pos":[-129.949783,777.533997,57],"rotationMatrix":[-0.974612534,0.223898098,0,-0.223898098,-0.974612534,0,0,0,1],"scale":1.18982852,"type":"italy_rockface_boulder_4"}
{"pos":[-137.904465,775.001587,57.3090744],"rotationMatrix":[0.31380409,-0.949487686,0,0.949487686,0.31380409,0,0,0,1],"scale":1,"type":"italy_rockface_boulder_4"}
{"pos":[-135.895462,792.488525,50.3345261],"rotationMatrix":[-0.593600154,-0.804760098,0,0.804760098,-0.593600154,0,0,0,1],"scale":1,"type":"italy_rockface_boulder_4"}
{"pos":[-141.166565,783.066711,55.2916718],"rotationMatrix":[0.998072505,-0.0620588511,0,0.0620588511,0.998072505,0,0,0,1],"scale":1,"type":"italy_rockface_boulder_4"}
{"pos":[-149.156708,782.689514,57.634552],"rotationMatrix":[0.579815388,-0.81474787,0,0.81474787,0.579815388,0,0,0,1],"scale":1,"type":"italy_rockface_boulder_4"}
{"pos":[-128.556473,794.889526,52],"rotationMatrix":[0.95051825,-0.310668677,0,0.310668677,0.95051825,0,0,0,1],"scale":1,"type":"italy_rockface_boulder_4"}
{"pos":[-135.895462,792.488525,50],"rotationMatrix":[-0.593600154,-0.804760098,0,0.804760098,-0.593600154,0,0,0,1],"scale":1.26951599,"type":"italy_rockface_boulder_4"}
{"pos":[-138,789,52],"rotationMatrix":[-0.593600154,-0.804760098,0,0.804760098,-0.593600154,0,0,0,1],"scale":0.847472906,"type":"italy_rockface_boulder_4"}
{"pos":[-137,789,52],"rotationMatrix":[-0.199431062,0.697564185,0.688207924,-0.979911208,-0.141967937,-0.140063748,0,-0.702316642,0.71186471],"scale":1.26090455,"type":"italy_rockface_boulder_4"}
{"pos":[-132.949142,723.771606,75.2941284],"rotationMatrix":[0.739613771,0.673031628,0,-0.673031628,0.739613771,0,0,0,1],"scale":1,"type":"italy_rockface_boulder_4"}
{"pos":[-150.144989,727.241394,74.9625778],"rotationMatrix":[-0.516378164,-0.856360674,0,0.856360674,-0.516378164,0,0,0,1],"scale":1,"type":"italy_rockface_boulder_4"}
{"pos":[-153.751114,740.222839,76.7914352],"rotationMatrix":[0.949587643,0.313501775,0,-0.313501775,0.949587643,0,0,0,1],"scale":1,"type":"italy_rockface_boulder_4"}
{"pos":[-150.710709,723.10614,75.2829132],"rotationMatrix":[0.999663234,0.0259492509,0,-0.0259492509,0.999663234,0,0,0,1],"scale":1,"type":"italy_rockface_boulder_4"}
{"pos":[-127.11689,736.456787,76.0138245],"rotationMatrix":[0.273624092,0.961836755,0,-0.961836755,0.273624092,0,0,0,1],"scale":1,"type":"italy_rockface_boulder_4"}
{"pos":[-134.073837,730.097351,74.3421555],"rotationMatrix":[0.00642122002,0.999979436,0,-0.999979436,0.00642122002,0,0,0,1],"scale":1,"type":"italy_rockface_boulder_4"}
{"pos":[-132.449249,743.64502,69],"rotationMatrix":[0.822689772,-0.568490565,0,0.568490565,0.822689772,0,0,0,1],"scale":1.96889651,"type":"italy_rockface_boulder_4"}
{"pos":[-138.637772,748.98938,67.4408188],"rotationMatrix":[-0.719567358,0.694422483,0,-0.694422483,-0.719567358,0,0,0,1],"scale":1,"type":"italy_rockface_boulder_4"}
{"pos":[-136.404861,723.653076,74.1735764],"rotationMatrix":[-0.884183288,-0.467139989,0,0.467139989,-0.884183288,0,0,0,1],"scale":1,"type":"italy_rockface_boulder_4"}
{"pos":[-139.382645,736.977478,71.3008118],"rotationMatrix":[0.226920888,0.973913193,0,-0.973913193,0.226920888,0,0,0,1],"scale":1,"type":"italy_rockface_boulder_4"}
{"pos":[-131.067047,742.168823,70.5589905],"rotationMatrix":[-0.950234294,-0.311536252,0,0.311536252,-0.950234294,0,0,0,1],"scale":1,"type":"italy_rockface_boulder_4"}
{"pos":[-145.495621,725.269897,74.2266388],"rotationMatrix":[0.208541259,0.978013575,0,-0.978013575,0.208541259,0,0,0,1],"scale":1,"type":"italy_rockface_boulder_4"}
{"pos":[-146.010147,723.63739,74.1207886],"rotationMatrix":[0.162771583,0.986663759,0,-0.986663759,0.162771583,0,0,0,1],"scale":1,"type":"italy_rockface_boulder_4"}
{"pos":[-155.866028,735.768372,79.2699661],"rotationMatrix":[0.801657259,0.597784042,0,-0.597784042,0.801657259,0,0,0,1],"scale":1,"type":"italy_rockface_boulder_4"}
{"pos":[-124.892105,739.528076,76.7497559],"rotationMatrix":[-0.486240953,-0.873824835,0,0.873824835,-0.486240953,0,0,0,1],"scale":1,