{"pos":[-128.1362,698.844849,85.647644],"rotationMatrix":[0.983189344,-0.182588935,0,0.182588935,0.983189344,0,0,0,1],"scale":1,"type":"italy_rockface_small_3"}
{"pos":[-134.831787,696.004211,81.0455246],"rotationMatrix":[-0.872028828,-0.489454478,0,0.489454478,-0.872028828,0,0,0,1],"scale":1,"type":"italy_rockface_small_3"}
{"pos":[-123.173035,690.730347,93.6727448],"rotationMatrix":[-0.127909794,-0.991785765,0,0.991785765,-0.127909794,0,0,0,1],"scale":1,"type":"italy_rockface_small_3"}
{"pos":[-126.31665,688.892517,93.5382233],"rotationMatrix":[0.991725326,-0.128377199,0,0.128377199,0.991725326,0,0,0,1],"scale":1,"type":"italy_rockface_small_3"}
{"pos":[-149.183731,763.168945,64.7226715],"rotationMatrix":[-0.201249376,-0.97953999,0,0.97953999,-0.201249376,0,0,0,1],"scale":1,"type":"italy_rockface_small_3"}
{"pos":[-127.094681,761.841553,65.2463303],"rotationMatrix":[-0.971672475,0.236331508,0,-0.236331508,-0.971672475,0,0,0,1],"scale":1,"type":"italy_rockface_small_3"}
{"pos":[-135.893814,794.542542,49.6256638],"rotationMatrix":[0.307734251,-0.951472282,0,0.951472282,0.307734251,0,0,0,1],"scale":1,"type":"italy_rockface_small_3"}
{"pos":[-138.306091,795.471985,49.2240143],"rotationMatrix":[0.360011369,-0.932947874,0,0.932947874,0.360011369,0,0,0,1],"scale":1,"type":"italy_rockface_small_3"}
