{"pos":[-132,694.048767,79],"rotationMatrix":[-0.678330421,-0.734757066,0,0.734757066,-0.678330421,0,0,0,1],"scale":1,"type":"italy_rockface_tall_wide"}
{"pos":[-144,690,86],"rotationMatrix":[0.195724636,-0.950189412,0.242552489,-0.929584086,-0.258546829,-0.262729108,0.312353551,-0.174050361,-0.933884978],"scale":1,"type":"italy_rockface_tall_wide"}
{"pos":[-148,686,78],"rotationMatrix":[0.100365847,-0.936126947,0.33703512,0.977416277,0.0294530094,-0.20925656,0.185964137,0.350425661,0.917941868],"scale":1,"type":"italy_rockface_tall_wide"}
{"pos":[-155,686,80],"rotationMatrix":[0.305070221,-0.936126947,0.174923211,0.563688755,0.0294530094,-0.825460911,0.767584324,0.350425661,0.536669493],"scale":1,"type":"italy_rockface_tall_wide"}
{"pos":[-157,686,86],"rotationMatrix":[0.714632571,-0.265520513,-0.647146344,-0.685800791,-0.0837626606,-0.72295171,0.137751848,0.960458517,-0.241953909],"scale":1,"type":"italy_rockface_tall_wide"}
{"pos":[-163,686,91],"rotationMatrix":[0.428793132,-0.362098128,-0.827659726,-0.86562264,0.0974884257,-0.49111253,0.258518219,0.927026927,-0.271638155],"scale":1.09162021,"type":"italy_rockface_tall_wide"}
{"pos":[-158,669,91],"rotationMatrix":[0.428793132,-0.362098128,-0.827659726,-0.86562264,0.0974884257,-0.49111253,0.258518219,0.927026927,-0.271638155],"scale":1.09162021,"type":"italy_rockface_tall_wide"}
{"pos":[-155,662,91],"rotationMatrix":[0.428793132,-0.362098128,-0.827659726,-0.86562264,0.0974884257,-0.49111253,0.258518219,0.927026927,-0.271638155],"scale":1.09162021,"type":"italy_rockface_tall_wide"}
{"pos":[-148,792.996216,49.8148651],"rotationMatrix":[-0.357668281,0.931755006,-0.0624882542,-0.917852223,-0.363085926,-0.160358027,-0.172103211,0,0.985078931],"scale":1,"type":"italy_rockface_tall_wide"}
{"pos":[-129,807,44.974617],"rotationMatrix":[-0.436725825,-0.860693932,0.261678964,0.738304675,-0.509122133,-0.4423801,0.513980746,0,0.857801676],"scale":1,"type":"italy_rockface_tall_wide"}
{"pos":[-152,801,48],"rotationMatrix":[-0.0974817723,0.99327296,-0.0624882542,-0.981307268,-0.106395826,-0.160358027,-0.165927991,0.0456882454,0.985078931],"scale":1,"type":"italy_rockface_tall_wide"}
{"pos":[-148,805,44],"rotationMatrix":[-0.0737021416,0.99327296,-0.0893055052,-0.88525629,-0.106395826,-0.45276925,-0.459225774,0.0456882454,0.88714391],"scale":1,"type":"italy_rockface_tall_wide"}
{"pos":[-144,657,91],"rotationMatrix":[0.20586729,-0.88213402,0.423623025,0.177733868,-0.391990364,-0.902636409,0.962303638,0.261115849,0.0760868862],"scale":1,"type":"italy_rockface_tall_wide"}
{"pos":[-144,653,96],"rotationMatrix":[0.334316611,-0.803128123,0.493169159,-0.130603716,-0.557709098,-0.81969595,0.933366895,0.209628522,-0.291343629],"scale":0.611663938,"type":"italy_rockface_tall_wide"}
{"pos":[-134,653,96],"rotationMatrix":[0.865188897,-0.0907209516,0.493169159,0.427230805,-0.38153705,-0.81969595,0.262526155,0.919889987,-0.291343629],"scale":0.611663938,"type":"italy_rockface_tall_wide"}
{"pos":[-153,649,95],"rotationMatrix":[0.541878998,0.570795894,-0.616894007,-0.573285341,-0.285704255,-0.767928958,-0.614580154,0.769781172,0.172411725],"scale":1.09162021,"type":"italy_rockface_tall_wide"}
{"pos":[-152,649,98],"rotationMatrix":[-0.631555021,0.469658047,-0.616894007,0.35227266,-0.534964263,-0.767928958,-0.690680504,-0.702304542,0.172411725],"scale":0.94599992,"type":"italy_rockface_tall_wide"}
{"pos":[-148,644,103],"rotationMatrix":[-0.866998672,0.498120725,0.0136999637,-0.129426479,-0.198550373,-0.971506119,-0.481207371,-0.844067991,0.236613005],"scale":0.694544852,"type":"italy_rockface_tall_wide"}
{"pos":[-157,644,103],"rotationMatrix":[-0.866998672,0.498120725,0.0136999637,-0.129426479,-0.198550373,-0.971506119,-0.481207371,-0.844067991,0.236613005],"scale":0.694544852,"type":"italy_rockface_tall_wide"}
{"pos":[-117.423492,574.878052,130.999542],"rotationMatrix":[0.0912416428,-0.99094975,0.0984507501,0.222025871,-0.076131314,-0.972063482,0.970762193,0.11055138,0.213070333],"scale":1,"type":"italy_rockface_tall_wide"}
{"pos":[-140,581,129],"rotationMatrix":[-0.849201441,0.499675453,0.170824677,-0.415855885,-0.433421493,-0.79950577,-0.325454384,-0.749980092,0.575855255],"scale":1,"type":"italy_rockface_tall_wide"}
{"pos":[-130,572,131],"rotationMatrix":[-0.856701195,0.499675453,-0.128012419,-0.119320571,-0.433421493,-0.893257022,-0.501822054,-0.749980092,0.43093434],"scale":1,"type":"italy_rockface_tall_wide"}
{"pos":[-109,559,134],"rotationMatrix":[-0.762103558,0.565270662,-0.31570065,0.191571862,-0.268897891,-0.943924665,-0.618464291,-0.77984798,0.0966380388],"scale":2.55097771,"type":"italy_rockface_tall_wide"}
{"pos":[-85,544,142],"rotationMatrix":[0.842727959,0.535854936,-0.0516511798,0.0849231035,-0.227071568,-0.970168114,-0.531598091,0.813201666,-0.236866355],"scale":2.47374654,"type":"italy_rockface_tall_wide"}
{"pos":[-109,537,141],"rotationMatrix":[-0.814072073,0.565270662,-0.133249313,-0.02913405,-0.268897891,-0.962727785,-0.580032408,-0.77984798,0.235370874],"scale":2.55097771,"type":"italy_rockface_tall_wide"}
{"pos":[-119,537,141],"rotationMatrix":[-0.814072073,0.565270662,-0.133249313,-0.02913405,-0.268897891,-0.962727785,-0.580032408,-0.77984798,0.235370874],"scale":2.55097771,"type":"italy_rockface_tall_wide"}
{"pos":[-119,554,132],"rotationMatrix":[-0.403848112,0.90506959,-0.133249313,-0.164134562,-0.214976057,-0.962727785,-0.89998138,-0.366925091,0.235370874],"scale":2.55097771,"type":"italy_rockface_tall_wide"}
{"pos":[-68,519,153],"rotationMatrix":[0.842727959,0.535854936,-0.0516511798,0.0849231035,-0.227071568,-0.970168114,-0.531598091,0.813201666,-0.236866355],"scale":2.47374654,"type":"italy_rockface_tall_wide"}
{"pos":[-109,574.878052,133],"rotationMatrix":[0.0912416428,-0.99094975,0.0984507501,0.222025871,-0.076131314,-0.972063482,0.970762193,0.11055138,0.213070333],"scale":1,"type":"italy_rockface_tall_wide"}
{"pos":[-105,581,134],"rotationMatrix":[0.0656728894,-0.99094975,0.117066905,0.443310052,-0.076131314,-0.893128812,0.893959105,0.11055138,0.434298635],"scale":1,"type":"italy_rockface_tall_wide"}
{"pos":[-245,-100,255],"rotationMatrix":[0.96503371,0.251924217,0.0724073946,-0.0394345522,0.412623018,-0.910047114,-0.259140193,0.875371873,0.408130109],"scale":1,"type":"italy_rockface_tall_wide"}
{"pos":[-238,-97,254],"rotationMatrix":[0.96503371,0.251924217,0.0724073946,-0.0394345522,0.412623018,-0.910047114,-0.259140193,0.875371873,0.408130109],"scale":1,"type":"italy_rockface_tall_wide"}
{"pos":[-251,-100,259],"rotationMatrix":[0.87349987,0.130205542,-0.469087452,-0.486318827,0.189542696,-0.852974832,-0.0221500099,0.973200798,0.228887185],"scale":1,"type":"italy_rockface_tall_wide"}
{"pos":[-254,-100,262],"rotationMatrix":[0.87349987,0.130205542,-0.469087452,-0.486318827,0.189542696,-0.852974832,-0.0221500099,0.973200798,0.228887185],"scale":0.619208276,"type":"italy_rockface_tall_wide"}
{"pos":[-250,-99,260],"rotationMatrix":[-0.817986548,0.56480056,0.109069638,-0.190768927,-0.0874751657,-0.977728844,-0.542681634,-0.820577323,0.179300413],"scale":0.634612083,"type":"italy_rockface_tall_wide"}
{"pos":[-250,-100,259],"rotationMatrix":[-0.817986548,0.56480056,0.109069638,-0.190768927,-0.0874751657,-0.977728844,-0.542681634,-0.820577323,0.179300413],"scale":0.634612083,"type":"italy_rockface_tall_wide"}
{"pos":[-250,-101,258],"rotationMatrix":[-0.817986548,0.56480056,0.109069638,-0.190768927,-0.0874751657,-0.977728844,-0.542681634,-0.820577323,0.179300413],"scale":0.634612083,"type":"italy_rockface_tall_wide"}
{"pos":[-250,-102,256],"rotationMatrix":[-0.817986548,0.56480056,0.109069638,-0.190768927,-0.0874751657,-0.977728844,-0.542681634,-0.820577323,0.179300413],"scale":0.634612083,"type":"italy_rockface_tall_wide"}
{"pos":[-250,-103,255],"rotationMatrix":[-0.817986548,0.56480056,0.109069638,-0.190768927,-0.0874751657,-0.977728844,-0.542681634,-0.820577323,0.179300413],"scale":0.634612083,"type":"italy_rockface_tall_wide"}
{"pos":[-250,-104,253],