{"pos":[-128.501144,751.041077,68.5660477],"rotationMatrix":[-0.657563448,-0.753399074,0,0.753399074,-0.657563448,0,0,0,1],"scale":1,"type":"italy_rockface_small_2"}
{"pos":[-140.66571,688.173828,83.9377441],"rotationMatrix":[0.883127928,-0.469132155,0,0.469132155,0.883127928,0,0,0,1],"scale":1,"type":"italy_rockface_small_2"}
{"pos":[-136.514297,699.062805,80.0548325],"rotationMatrix":[0.893997073,0.448072821,0,-0.448072821,0.893997073,0,0,0,1],"scale":1,"type":"italy_rockface_small_2"}
{"pos":[-146.495209,688.83783,82.5393982],"rotationMatrix":[-0.999723852,0.0234962218,0,-0.0234962218,-0.999723852,0,0,0,1],"scale":1,"type":"italy_rockface_small_2"}
{"pos":[-141.496613,682.242981,86.0556717],"rotationMatrix":[0.16093877,-0.986964345,0,0.986964345,0.16093877,0,0,0,1],"scale":1,"type":"italy_rockface_small_2"}
{"pos":[-142.357193,705.510803,78.5591431],"rotationMatrix":[-0.991658151,-0.128895596,0,0.128895596,-0.991658151,0,0,0,1],"scale":1,"type":"italy_rockface_small_2"}
{"pos":[-140.850922,756.762817,64.5774231],"rotationMatrix":[-0.995602965,-0.0936731696,0,0.0936731696,-0.995602965,0,0,0,1],"scale":1,"type":"italy_rockface_small_2"}
{"pos":[-127.644363,763.406311,64.2208405],"rotationMatrix":[0.999702215,-0.0244003516,0,0.0244003516,0.999702215,0,0,0,1],"scale":1,"type":"italy_rockface_small_2"}
{"pos":[-131.221848,759.294739,64.2321167],"rotationMatrix":[0.137296215,0.990530074,0,-0.990530074,0.137296215,0,0,0,1],"scale":1,"type":"italy_rockface_small_2"}
{"pos":[-127.562233,750.354797,69.458252],"rotationMatrix":[0.295627117,-0.955303371,0,0.955303371,0.295627117,0,0,0,1],"scale":1,"type":"italy_rockface_small_2"}
{"pos":[-146.133728,808.244873,46.8079224],"rotationMatrix":[0.00685606198,-0.999976456,0,0.999976456,0.00685606198,0,0,0,1],"scale":1,"type":"italy_rockface_small_2"}
{"pos":[-133.460648,808.807495,45.7963028],"rotationMatrix":[0.55038029,0.834914207,0,-0.834914207,0.55038029,0,0,0,1],"scale":1,"type":"italy_rockface_small_2"}
{"pos":[-140.399353,809.768372,45.145668],"rotationMatrix":[0.981442451,-0.191756546,0,0.191756546,0.981442451,0,0,0,1],"scale":1,"type":"italy_rockface_small_2"}
