{"pos":[-128.1362,698.844849,85.647644],"rotationMatrix":[0.983189344,-0.182588935,0,0.182588935,0.983189344,0,0,0,1],"scale":1,"type":"italy_rockface_small_3"}
{"pos":[-134.831787,696.004211,81.0455246],"rotationMatrix":[-0.872028828,-0.489454478,0,0.489454478,-0.872028828,0,0,0,1],"scale":1,"type":"italy_rockface_small_3"}
{"pos":[-123.173035,690.730347,93.6727448],"rotationMatrix":[-0.127909794,-0.991785765,0,0.991785765,-0.127909794,0,0,0,1],"scale":1,"type":"italy_rockface_small_3"}
{"pos":[-126.31665,688.892517,93.5382233],"rotationMatrix":[0.991725326,-0.128377199,0,0.128377199,0.991725326,0,0,0,1],"scale":1,"type":"italy_rockface_small_3"}
{"pos":[-149.183731,763.168945,64.7226715],"rotationMatrix":[-0.201249376,-0.97953999,0,0.97953999,-0.201249376,0,0,0,1],"scale":1,"type":"italy_rockface_small_3"}
{"pos":[-127.094681,761.841553,65.2463303],"rotationMatrix":[-0.971672475,0.236331508,0,-0.236331508,-0.971672475,0,0,0,1],"scale":1,"type":"italy_rockface_small_3"}
{"pos":[-135.893814,794.542542,49.6256638],"rotationMatrix":[0.307734251,-0.951472282,0,0.951472282,0.307734251,0,0,0,1],"scale":1,"type":"italy_rockface_small_3"}
{"pos":[-138.306091,795.471985,49.2240143],"rotationMatrix":[0.360011369,-0.932947874,0,0.932947874,0.360011369,0,0,0,1],"scale":1,"type":"italy_rockface_small_3"}
{"pos":[95.3506165,522.626282,178.194229],"rotationMatrix":[0.446475983,0.894795716,0,-0.894795716,0.446475983,0,0,0,1],"scale":1.9030937,"type":"italy_rockface_small_3"}
{"pos":[85.3067398,525.101013,185.113159],"rotationMatrix":[-0.171371862,0.985206366,0,-0.985206366,-0.171371862,0,0,0,1],"scale":1.88563156,"type":"italy_rockface_small_3"}
{"pos":[89.3121872,524.73938,180.691055],"rotationMatrix":[0.751137257,0.660146177,0,-0.660146177,0.751137257,0,0,0,1],"scale":1.26149023,"type":"italy_rockface_small_3"}
{"pos":[85.2932739,523.893066,185.050079],"rotationMatrix":[0.908557594,0.417759687,0,-0.417759687,0.908557594,0,0,0,1],"scale":1.3799336,"type":"italy_rockface_small_3"}
{"pos":[88.4327545,509.639465,187.129425],"rotationMatrix":[-0.894089043,0.447889119,0,-0.447889119,-0.894089043,0,0,0,1],"scale":1.58838463,"type":"italy_rockface_small_3"}
{"pos":[93.313736,509.29364,182.786362],"rotationMatrix":[0.570599437,0.821228623,0,-0.821228623,0.570599437,0,0,0,1],"scale":1.99817729,"type":"italy_rockface_small_3"}
{"pos":[95.4521027,508.81897,183.911057],"rotationMatrix":[-0.680906653,-0.732370138,0,0.732370138,-0.680906653,0,0,0,1],"scale":1.64007092,"type":"italy_rockface_small_3"}
{"pos":[102.162331,549.38739,160.891785],"rotationMatrix":[-0.981018305,-0.193915144,0,0.193915144,-0.981018305,0,0,0,1],"scale":1.29249883,"type":"italy_rockface_small_3"}
{"pos":[99.821022,543.925354,166.361313],"rotationMatrix":[0.840015233,0.542562962,0,-0.542562962,0.840015233,0,0,0,1],"scale":1.39370346,"type":"italy_rockface_small_3"}
{"pos":[98.4133224,499.539886,192.033203],"rotationMatrix":[0.168471009,-0.985706568,0,0.985706568,0.168471009,0,0,0,1],"scale":1.22186065,"type":"italy_rockface_small_3"}
{"pos":[91.1327362,504.641602,186.935669],"rotationMatrix":[-0.318369776,-0.947966576,0,0.947966576,-0.318369776,0,0,0,1],"scale":1.07043958,"type":"italy_rockface_small_3"}
{"pos":[87.5218353,506.236969,187.097122],"rotationMatrix":[0.958322883,0.285687447,0,-0.285687447,0.958322883,0,0,0,1],"scale":1.91519129,"type":"italy_rockface_small_3"}
{"pos":[91.2257996,488.910583,191.463455],"rotationMatrix":[-0.838588715,0.544765115,0,-0.544765115,-0.838588715,0,0,0,1],"scale":1.39710474,"type":"italy_rockface_small_3"}
{"pos":[98.2541428,485.281006,194.048599],"rotationMatrix":[0.915908694,-0.401386619,0,0.401386619,0.915908694,0,0,0,1],"scale":1.06396043,"type":"italy_rockface_small_3"}
{"pos":[92.7078094,478.828705,195.779495],"rotationMatrix":[0.72871989,-0.684811831,0,0.684811831,0.72871989,0,0,0,1],"scale":1.67934608,"type":"italy_rockface_small_3"}
{"pos":[97.6360779,463.462006,199.476959],"rotationMatrix":[0.0722856671,0.997383893,0,-0.997383893,0.0722856671,0,0,0,1],"scale":1.49022818,"type":"italy_rockface_small_3"}
{"pos":[91.2606659,462.850922,199.537109],"rotationMatrix":[-0.618551254,-0.785744548,0,0.785744548,-0.618551254,0,0,0,1],"scale":1.9105252,"type":"italy_rockface_small_3"}
{"pos":[94.6028137,468.435791,197.313812],"rotationMatrix":[0.0256921947,0.999669909,0,-0.999669909,0.0256921947,0,0,0,1],"scale":1.85788131,"type":"italy_rockface_small_3"}
{"pos":[87.2755814,456.41922,205.702316],"rotationMatrix":[-0.402918309,0.915235877,0,-0.915235877,-0.402918309,0,0,0,1],"scale":1.33434629,"type":"italy_rockface_small_3"}
{"pos":[82.8386078,442.882233,211.723557],"rotationMatrix":[-0.975038469,0.222035974,0,-0.222035974,-0.975038469,0,0,0,1],"scale":1.41723084,"type":"italy_rockface_small_3"}
{"pos":[88.4722137,439.019318,213.94043],"rotationMatrix":[0.992229342,-0.124421768,0,0.124421768,0.992229342,0,0,0,1],"scale":1.16328585,"type":"italy_rockface_small_3"}
{"pos":[84.7719803,443.105255,210.047623],"rotationMatrix":[0.998558402,-0.0536750779,0,0.0536750779,0.998558402,0,0,0,1],"scale":1.83240652,"type":"italy_rockface_small_3"}
{"pos":[78.5313721,426.852264,219.956085],"rotationMatrix":[0.82664454,0.562724531,0,-0.562724531,0.82664454,0,0,0,1],"scale":1.11509991,"type":"italy_rockface_small_3"}
{"pos":[76.6878204,433.058777,221.410858],"rotationMatrix":[-0.998978913,-0.0451782048,0,0.0451782048,-0.998978913,0,0,0,1],"scale":1.0152092,"type":"italy_rockface_small_3"}
{"pos":[77.526741,434.815186,221.726547],"rotationMatrix":[-0.999998033,0.00198706659,0,-0.00198706659,-0.999998033,0,0,0,1],"scale":1.83277082,"type":"italy_rockface_small_3"}
{"pos":[81.4974594,432.667236,217.907166],"rotationMatrix":[-0.345506787,-0.938416243,0,0.938416243,-0.345506787,0,0,0,1],"scale":1.80374181,"type":"italy_rockface_small_3"}
{"pos":[82.3087692,426,220.579254],"rotationMatrix":[0.391549826,-0.920156837,0,0.920156837,0.391549826,0,0,0,1],"scale":1.2942996,"type":"italy_rockface_small_3"}
{"pos":[85.0088959,405.2659,229.672028],"rotationMatrix":[-0.485703766,-0.874123394,0,0.874123394,-0.485703766,0,0,0,1],"scale":1.06067967,"type":"italy_rockface_small_3"}
{"pos":[83.5599747,392.332184,233.973526],"rotationMatrix":[-0.607262969,0.794500768,0,-0.794500768,-0.607262969,0,0,0,1],"scale":1.39101529,"type":"italy_rockface_small_3"}
{"pos":[77.4321442,406.871002,227.955917],"rotationMatrix":[-0.536605656,0.843833089,0,-0.843833089,-0.536605656,0,0,0,1],"scale":1.57470918,"type":"italy_rockface_small_3"}
{"pos":[80.2087402,390.075867,234.354218],"rotationMatrix":[0.50164479,0.8650738,0,-0.8650738,0.50164479,0,0,0,1],"scale":1.14332366,"type":"italy_rockface_small_3"}
{"pos":[67.8342972,372.20575,238.277618],"rotationMatrix":[-0.538828492,0.842415392,0,-0.842415392,-0.538828492,0,0,0,1],"scale":1.62547719,"type":"italy_rockface_small_3"}
{"pos":[83.3163071,367.389221,242.075684],"rotationMatrix":[0.980539203,0.196323335,0,-0.196323335,0.980539203,0,0,0,1],"scale":1.55316639,"type":"italy_rockface_small_3"}
{"pos":[84.4406967,364.934631,242.158676],"rotationMatrix":[-0.841460824,-0.540318251,0,0.540318251,-0.841460824,0,0,0,1],"scale":1.94301629,"type":"italy_rockface_small_3"}
{"pos":[73.4603271,365.865662,243.694107],"rotationMatrix":[0.896679342,-0.442680627,0,0.442680627,0.896679342,0,0,0,1],"scale":1.23020148,"type":"italy_rockface_small_3"}
{"pos":[73.7910233,379.845032,237.176453],"rotationMatrix":[-0.0634009615,-0.997988105,0,0.997988105,-0.0634009615,0,0,0,1],"scale":1.02269912,"type":"italy_rockface_small_3"}
{"pos":[68.4342194,375.167084,236.7229],"rotationMatrix":[0.929736853,-0.368224591,0,0.368224591,0.929736853,0,0,0,1],"scale":1.82725859,"type":"italy_rockface_small_3"}
{"pos":[70.0333481,371.600952,238.839172],"rotationMatrix":[-0.486458033,-0.873703957,0,0.873703957,-0.486458033,0,0,0,1],"scale":1.37200451,"type":"italy_rockface_small_3"}
{"pos":[80.7406616,380.490509,238.31781],"rotationMatrix":[0.741173744,-0.671313226,0,0.671313226,0.741173744,0,0,0,1],