{"pos":[-126.131149,704.601318,84.2292633],"rotationMatrix":[-0.237902805,-0.971288919,0,0.971288919,-0.237902805,0,0,0,1],"scale":1,"type":"italy_rockface_boulder_2"}
{"pos":[-141.290924,707.193542,78.2015991],"rotationMatrix":[-0.957148492,-0.28959766,0,0.28959766,-0.957148492,0,0,0,1],"scale":1,"type":"italy_rockface_boulder_2"}
{"pos":[-148.570084,697.469543,80.1541519],"rotationMatrix":[-0.776515722,-0.630097985,0,0.630097985,-0.776515722,0,0,0,1],"scale":1,"type":"italy_rockface_boulder_2"}
{"pos":[-148.570084,695,81],"rotationMatrix":[-0.449669123,-0.630097985,0.633067369,0.364880711,-0.776515722,-0.513697863,0.815266669,0,0.579085648],"scale":1.91122127,"type":"italy_rockface_boulder_2"}
{"pos":[-156,697,82],"rotationMatrix":[-0.449669123,-0.630097985,0.633067369,0.364880711,-0.776515722,-0.513697863,0.815266669,0,0.579085648],"scale":1.91122127,"type":"italy_rockface_boulder_2"}
{"pos":[-153,687,85],"rotationMatrix":[0.765937328,-0.630097985,0.127733901,-0.621514142,-0.776515722,-0.103648745,0.164496168,0,-0.986377001],"scale":2.18589878,"type":"italy_rockface_boulder_2"}
{"pos":[-150,694,80],"rotationMatrix":[-0.0484874547,-0.77257669,0.633067369,0.720295668,-0.466142297,-0.513697863,0.691970408,0.431087762,0.579085648],"scale":1.91122127,"type":"italy_rockface_boulder_2"}
{"pos":[-149,696,80],"rotationMatrix":[-0.0484874547,-0.77257669,0.633067369,0.720295668,-0.466142297,-0.513697863,0.691970408,0.431087762,0.579085648],"scale":1.91122127,"type":"italy_rockface_boulder_2"}
{"pos":[-146,765,62],"rotationMatrix":[0.693726242,0.720238864,0,-0.720238864,0.693726242,0,0,0,1],"scale":2.03605938,"type":"italy_rockface_boulder_2"}
{"pos":[-147.342819,763.547913,63.3058434],"rotationMatrix":[0.606367648,0.795184493,0,-0.795184493,0.606367648,0,0,0,1],"scale":1,"type":"italy_rockface_boulder_2"}
{"pos":[-124.745911,764.394104,65.8520432],"rotationMatrix":[0.755432308,-0.655226707,0,0.655226707,0.755432308,0,0,0,1],"scale":1,"type":"italy_rockface_boulder_2"}
{"pos":[-134.378052,774,57],"rotationMatrix":[0.951130748,-0.308788359,0,0.308788359,0.951130748,0,0,0,1],"scale":1.14112854,"type":"italy_rockface_boulder_2"}
{"pos":[-120.783096,755.350403,76.6443481],"rotationMatrix":[-0.779791772,-0.626039088,0,0.626039088,-0.779791772,0,0,0,1],"scale":1,"type":"italy_rockface_boulder_2"}
{"pos":[-118.747124,757.943176,76.2397232],"rotationMatrix":[-0.538508713,0.842619896,0,-0.842619896,-0.538508713,0,0,0,1],"scale":1,"type":"italy_rockface_boulder_2"}
{"pos":[-141.574463,799.77478,47.2227097],"rotationMatrix":[-0.492409647,-0.870363474,0,0.870363474,-0.492409647,0,0,0,1],"scale":1.62000132,"type":"italy_rockface_boulder_2"}
{"pos":[-143.289871,808.904663,45.674366],"rotationMatrix":[0.045120351,0.998981476,0,-0.998981476,0.045120351,0,0,0,1],"scale":1,"type":"italy_rockface_boulder_2"}
{"pos":[-148.555313,792.57959,52.6393547],"rotationMatrix":[-0.0601489283,0.99818933,0,-0.99818933,-0.0601489283,0,0,0,1],"scale":1,"type":"italy_rockface_boulder_2"}
{"pos":[-127.19165,756.211792,66],"rotationMatrix":[0.693726242,0.720238864,0,-0.720238864,0.693726242,0,0,0,1],"scale":2.03605938,"type":"italy_rockface_boulder_2"}
{"pos":[-146,762,64],"rotationMatrix":[-0.988150656,0.153484017,0,-0.153484017,-0.988150656,0,0,0,1],"scale":1.47763848,"type":"italy_rockface_boulder_2"}
{"pos":[-130,759,64],"rotationMatrix":[0.693726242,0.720238864,0,-0.720238864,0.693726242,0,0,0,1],"scale":1.0973146,"type":"italy_rockface_boulder_2"}
{"pos":[-132,758,64],"rotationMatrix":[-0.0350528806,0.720238864,-0.69283998,0.0363925211,0.693726242,0.719318748,0.998722494,0,-0.0505284071],"scale":0.860364497,"type":"italy_rockface_boulder_2"}
{"pos":[-130.747833,780.5224,56.894146],"rotationMatrix":[-0.778654933,0.627452195,0,-0.627452195,-0.778654933,0,0,0,1],"scale":1,"type":"italy_rockface_boulder_2"}
{"pos":[-127.122612,791.668091,54.7321587],"rotationMatrix":[-0.834074199,-0.551652431,0,0.551652431,-0.834074199,0,0,0,1],"scale":1,"type":"italy_rockface_boulder_2"}
{"pos":[-141.963043,786.502747,54.0385132],"rotationMatrix":[0.885530055,0.464582175,0,-0.464582175,0.885530055,0,0,0,1],"scale":1,"type":"italy_rockface_boulder_2"}
{"pos":[-131.553726,781.867249,56.1675415],"rotationMatrix":[0.571687937,-0.820471048,0,0.820471048,0.571687937,0,0,0,1],"scale":1,"type":"italy_rockface_boulder_2"}
{"pos":[-136.38768,787.733582,53.1981277],"rotationMatrix":[0.575988889,-0.817457497,0,0.817457497,0.575988889,0,0,0,1],"scale":1,"type":"italy_rockface_boulder_2"}
{"pos":[-146.436813,787.989624,54.4059982],"rotationMatrix":[-0.858359873,-0.513047993,0,0.513047993,-0.858359873,0,0,0,1],"scale":1,"type":"italy_rockface_boulder_2"}
{"pos":[-133.749054,779.186829,56],"rotationMatrix":[0.904614389,-0.426230878,0,0.426230878,0.904614389,0,0,0,1],"scale":1.28903151,"type":"italy_rockface_boulder_2"}
{"pos":[-132.074493,739.155457,71],"rotationMatrix":[-0.988064289,-0.154041946,0,0.154041946,-0.988064289,0,0,0,1],"scale":1,"type":"italy_rockface_boulder_2"}
{"pos":[-153.021088,733.608887,76.9073334],"rotationMatrix":[-0.906755686,-0.421656519,0,0.421656519,-0.906755686,0,0,0,1],"scale":1,"type":"italy_rockface_boulder_2"}
{"pos":[-152.090698,728.613892,75.8166275],"rotationMatrix":[0.928988576,0.370108575,0,-0.370108575,0.928988576,0,0,0,1],"scale":1,"type":"italy_rockface_boulder_2"}
{"pos":[-153.064102,736.83252,76.4015503],"rotationMatrix":[-0.0320707075,-0.999485493,0,0.999485493,-0.0320707075,0,0,0,1],"scale":1,"type":"italy_rockface_boulder_2"}
{"pos":[-128.006912,726.869385,77],"rotationMatrix":[-0.0838246867,0.996480465,0,-0.996480465,-0.0838246867,0,0,0,1],"scale":1,"type":"italy_rockface_boulder_2"}
{"pos":[-140.717468,742.635559,69.5400162],"rotationMatrix":[-0.580916166,-0.813963473,0,0.813963473,-0.580916166,0,0,0,1],"scale":1,"type":"italy_rockface_boulder_2"}
{"pos":[-144.033417,748.536804,68.0664978],"rotationMatrix":[-0.734390259,-0.678727567,0,0.678727567,-0.734390259,0,0,0,1],"scale":1,"type":"italy_rockface_boulder_2"}
{"pos":[-143.891388,726.634888,74.1697159],"rotationMatrix":[-0.779937446,0.625857472,0,-0.625857472,-0.779937446,0,0,0,1],"scale":1,"type":"italy_rockface_boulder_2"}
{"pos":[-133.229172,736.33728,72],"rotationMatrix":[-0.946526349,0.322626412,0,-0.322626412,-0.946526349,0,0,0,1],"scale":1,"type":"italy_rockface_boulder_2"}
{"pos":[-138.013962,739.381775,70.3630676],"rotationMatrix":[-0.801218987,-0.598371148,0,0.598371148,-0.801218987,0,0,0,1],"scale":1,"type":"italy_rockface_boulder_2"}
{"pos":[-155.960373,734.212097,79.6726379],"rotationMatrix":[0.177231088,0.984169245,0,-0.984169245,0.177231088,0,0,0,1],"scale":1,"type":"italy_rockface_boulder_2"}
{"pos":[-149.484695,736.786377,73],"rotationMatrix":[-0.562558174,-0.826757669,0,0.826757669,-0.562558174,0,0,0,1],"scale":1,"type":"italy_rockface_boulder_2"}
{"pos":[-125.784012,731.164673,78],"rotationMatrix":[-0.869353235,0.494191349,0,-0.494191349,-0.869353235,0,0,0,1],"scale":1,"type":"italy_rockface_boulder_2"}
{"pos":[-132.434967,719.566162,76.9739609],"rotationMatrix":[-0.953469396,0.301489741,0,-0.301489741,-0.953469396,0,0,0,1],"scale":1,"type":"italy_rockface_boulder_2"}
{"pos":[-155.653854,737.783875,78.7747421],"rotationMatrix":[-0.715060234,-0.699062765,0,0.699062765,-0.715060234,0,0,0,1],"scale":1,"type":"italy_rockface_boulder_2"}
{"pos":[-143.705673,745.747681,68.9328308],"rotationMatrix":[0.211958349,0.977278709,0,-0.977278709,0.211958349,0,0,0,1],"scale":1,"type":"italy_rockface_boulder_2"}
{"pos":[-140.009125,725.55249,74.0616455],"rotationMatrix":[-0.605550706,0.795806587,0,-0.795806587,-0.605550706,0,0,0,1],"scale":1,"type":"italy_rockface_boulder_2"}
{"pos":[-134.408188,711.536011,77.3651733],"rotationMatrix":[-0.958027661,-0.286676019,0,0.286676019,-0.958027661,0,0,0,1],"scale":1,"type":"italy_rockface_boulder_2"}
{"pos":[-140.908844,718.125732,73.512085],"rotationMatrix":[0.332252681,0.943190455,0,-0.943190455,0.332252681,0,0,0,1],"scale":1,